metric,win_start,win_end,n_arrays,n_subjects,contrast,sd,ci_lo,ci_hi,n_units,efficiency_vs_within
mmp2p:logamp,0,6,8,3,within,0.05769241485366484,0.05175351753445613,0.06610873275506621,8.0,1.0
mmp2p:logamp,0,6,8,3,between_array,0.1144350317883627,0.07524706453239371,0.12696375796586948,4.0,3.934418501363305
mmp2p:logamp,0,6,8,3,between_array_cleanpairs,0.018308710560504305,0.018308710560504305,0.018308710560504305,1.0,0.10071127230662551
mmp2p:logamp,0,6,8,3,between_subject,0.06871313890358124,0.0471177714584513,0.08881136761405974,3.0,1.4185418100363925
mmp2p:logamp,0,6,8,3,mom_rho,,,,,0.04520610484481508
mmp2p:logamp,3,9,6,3,within,0.054737430191155324,0.047983016453954516,0.0613060547672001,6.0,1.0
mmp2p:logamp,3,9,6,3,between_array,0.06348947986408841,0.020574014121256364,0.06981156919774381,3.0,1.3453482855645673
mmp2p:logamp,3,9,6,3,between_array_cleanpairs,0.0464466019215749,0.0464466019215749,0.0464466019215749,1.0,0.720010920559541
mmp2p:logamp,3,9,6,3,between_subject,0.054663293206261905,0.03633059922921105,0.06132709205219791,3.0,0.9972930121616669
mmp2p:logamp,3,9,6,3,mom_rho,,,,,0.04375841525829
mmp2p:logamp,6,12,6,3,within,0.05259632054971135,0.048092341541704435,0.056452056473025654,6.0,1.0
mmp2p:logamp,6,12,6,3,between_array,0.0769293737708365,0.02618646483204506,0.08561526121786044,3.0,2.139309734096219
mmp2p:logamp,6,12,6,3,between_array_cleanpairs,0.02787762063830515,0.02787762063830515,0.02787762063830515,1.0,0.2809316569422978
mmp2p:logamp,6,12,6,3,between_subject,0.08345879690059381,0.030255675495266247,0.09166798619787307,3.0,2.5178712136178483
mmp2p:logamp,6,12,6,3,mom_rho,,,,,0.07877495850088921
mmp2p:logamp,9,15,6,3,within,0.05995250345097954,0.05551420209535826,0.06388917131859621,6.0,1.0
mmp2p:logamp,9,15,6,3,between_array,0.13909469393261642,0.04941827972007359,0.1576987011557584,3.0,5.382778150954791
mmp2p:logamp,9,15,6,3,between_array_cleanpairs,0.13895736750710927,0.13895736750710927,0.13895736750710927,1.0,5.372154700675911
mmp2p:logamp,9,15,6,3,between_subject,0.12049114540698809,0.044844400745402295,0.13279763391555685,3.0,4.039202441826507
mmp2p:logamp,9,15,6,3,mom_rho,,,,,0.14230865133244558
mmp2p:logamp,12,18,6,3,within,0.06257631413538382,0.05662944803594537,0.06722957355879286,6.0,1.0
mmp2p:logamp,12,18,6,3,between_array,0.13301941879791476,0.021563228884272846,0.15624867042563106,3.0,4.518664885974561
mmp2p:logamp,12,18,6,3,between_array_cleanpairs,0.15098024479019767,0.15098024479019767,0.15098024479019767,1.0,5.821304176675962
mmp2p:logamp,12,18,6,3,between_subject,0.2144643408680909,0.058101267625938445,0.23497256466947525,3.0,11.746006222950108
mmp2p:logamp,12,18,6,3,mom_rho,,,,,0.2488045271745823
mmp2p:logamp,15,21,6,3,within,0.0610133083948326,0.04944287536876109,0.06904431621222311,6.0,1.0
mmp2p:logamp,15,21,6,3,between_array,0.0862530751321465,0.054632622152782355,0.08774131650813931,3.0,1.9984810087948606
mmp2p:logamp,15,21,6,3,between_array_cleanpairs,0.05900997630771258,0.05900997630771258,0.05900997630771258,1.0,0.9354094020020816
mmp2p:logamp,15,21,6,3,between_subject,0.3293534835289739,0.10710149374484297,0.37328240058892603,3.0,29.139048935131758
mmp2p:logamp,15,21,6,3,mom_rho,,,,,0.33402992892451494
mmp2p:logamp,18,24,6,3,within,0.05885082467444029,0.04749364097515053,0.06579555175284736,6.0,1.0
mmp2p:logamp,18,24,6,3,between_array,0.13316299227753783,0.06282326239157413,0.15573568831048817,3.0,5.119905971604579
mmp2p:logamp,18,24,6,3,between_array_cleanpairs,0.11530521372733002,0.11530521372733002,0.11530521372733002,1.0,3.8387761181444153
mmp2p:logamp,18,24,6,3,between_subject,0.4330053066979659,0.08730247605519523,0.5462584370132797,3.0,54.13539772392141
mmp2p:logamp,18,24,6,3,mom_rho,,,,,0.4133293735077351
mmp2p:logamp,21,27,6,3,within,0.059101430022551145,0.05207098579129966,0.06248643488154607,6.0,1.0
mmp2p:logamp,21,27,6,3,between_array,0.16010502190962317,0.046664055920526304,0.17985493206579567,3.0,7.338612060166522
mmp2p:logamp,21,27,6,3,between_array_cleanpairs,0.15837655000361617,,,1.0,7.181014077243328
mmp2p:logamp,21,27,6,3,between_subject,0.48535751444509956,0.16843320678510668,0.48535751444509956,3.0,67.4415491066968
mmp2p:logamp,21,27,6,3,mom_rho,,,,,0.4563017809287998
mmp2p:logamp,24,30,2,1,within,0.06182692510130721,0.05784607988918375,0.06556650977652743,2.0,1.0
mmp2p:logamp,24,30,2,1,between_array,0.0550039104570731,0.0550039104570731,0.0550039104570731,1.0,0.7914652237135897
mmp2p:logamp,24,30,2,1,between_array_cleanpairs,,,,0.0,
mmp2p:logamp,24,30,2,1,between_subject,,,,0.0,
mmp2p:logamp,24,30,2,1,mom_rho,,,,,0.06670777675352663
mmp2p:logamp,27,33,3,2,within,0.060131050719612715,0.05691347357226517,0.06210433089934243,3.0,1.0
mmp2p:logamp,27,33,3,2,between_array,0.0342107544742035,0.0342107544742035,0.0342107544742035,1.0,0.32368883444605334
mmp2p:logamp,27,33,3,2,between_array_cleanpairs,,,,0.0,
mmp2p:logamp,27,33,3,2,between_subject,,,,0.0,
mmp2p:logamp,27,33,3,2,mom_rho,,,,,0.060301645828847186
mmp2p:logamp,30,36,3,2,within,0.06308000629925259,0.051037799699548504,0.0803542389840485,3.0,1.0
mmp2p:logamp,30,36,3,2,between_array,0.07018199405770315,,,1.0,1.2378498004414347
mmp2p:logamp,30,36,3,2,between_array_cleanpairs,,,,0.0,
mmp2p:logamp,30,36,3,2,between_subject,,,,0.0,
mmp2p:logamp,30,36,3,2,mom_rho,,,,,0.19146565139582
mmp2p:logamp,33,39,2,1,within,0.05095156342617511,0.04518425829182055,0.05595168282906643,2.0,1.0
mmp2p:logamp,33,39,2,1,between_array,,,,1.0,
mmp2p:logamp,33,39,2,1,between_array_cleanpairs,,,,0.0,
mmp2p:logamp,33,39,2,1,between_subject,,,,0.0,
mmp2p:logamp,33,39,2,1,mom_rho,,,,,0.2092352282698604
mmp2p:logamp,51,57,2,1,within,0.0744837186470837,0.06292805860149606,0.08380113071288067,2.0,1.0
mmp2p:logamp,51,57,2,1,between_array,,,,1.0,
mmp2p:logamp,51,57,2,1,between_array_cleanpairs,,,,0.0,
mmp2p:logamp,51,57,2,1,between_subject,,,,0.0,
mmp2p:logamp,51,57,2,1,mom_rho,,,,,
mmp2p:logamp,54,60,2,1,within,0.06142528950587467,0.04805202534467282,0.07235538751321471,2.0,1.0
mmp2p:logamp,54,60,2,1,between_array,0.07988034446475581,0.07988034446475581,0.07988034446475581,1.0,1.6911628656901314
mmp2p:logamp,54,60,2,1,between_array_cleanpairs,,,,0.0,
mmp2p:logamp,54,60,2,1,between_subject,,,,0.0,
mmp2p:logamp,54,60,2,1,mom_rho,,,,,0.03629729457839893
mmp2p:logamp,57,63,2,1,within,0.0543066648371263,0.04552730459447535,0.06185102684133405,2.0,1.0
mmp2p:logamp,57,63,2,1,between_array,0.14556113575428692,0.14556113575428692,0.14556113575428692,1.0,7.184302444782281
mmp2p:logamp,57,63,2,1,between_array_cleanpairs,,,,0.0,
mmp2p:logamp,57,63,2,1,between_subject,,,,0.0,
mmp2p:logamp,57,63,2,1,mom_rho,,,,,0.22167846916383255
mmp2p:logamp,60,66,2,1,within,0.050724922598386415,0.0368811785577742,0.0615107539619586,2.0,1.0
mmp2p:logamp,60,66,2,1,between_array,0.06736110187929416,0.06736110187929416,0.06736110187929416,1.0,1.7635004680849398
mmp2p:logamp,60,66,2,1,between_array_cleanpairs,,,,0.0,
mmp2p:logamp,60,66,2,1,between_subject,,,,0.0,
mmp2p:logamp,60,66,2,1,mom_rho,,,,,0.3666326329185184
mmp2p:logamp,63,69,2,1,within,0.05431250130400797,0.04249807340130326,0.063963031567501,2.0,1.0
mmp2p:logamp,63,69,2,1,between_array,0.0018491500858129272,,,1.0,0.0011591635481324398
mmp2p:logamp,63,69,2,1,between_array_cleanpairs,,,,0.0,
mmp2p:logamp,63,69,2,1,between_subject,,,,0.0,
mmp2p:logamp,63,69,2,1,mom_rho,,,,,0.35702376214396664
mmp2p:logamp,66,72,2,1,within,0.03564261103776446,0.01848173913549623,0.046386616763702926,2.0,1.0
mmp2p:logamp,66,72,2,1,between_array,0.04124366932463634,,,1.0,1.3389845624100563
mmp2p:logamp,66,72,2,1,between_array_cleanpairs,,,,0.0,
mmp2p:logamp,66,72,2,1,between_subject,,,,0.0,
mmp2p:logamp,66,72,2,1,mom_rho,,,,,0.12678890304056128
yield:active,0,6,8,3,within,0.016399750731386824,0.01235041959777687,0.019427199663469986,8.0,1.0
yield:active,0,6,8,3,between_array,0.032438978699702616,0.013466040711767498,0.03997797845020322,4.0,3.912549553401741
yield:active,0,6,8,3,between_array_cleanpairs,0.04282092627945544,0.04282092627945544,0.04282092627945544,1.0,6.817695823020744
yield:active,0,6,8,3,between_subject,0.05548979731631929,0.021712194730341444,0.06893813834373132,3.0,11.448584210439074
yield:active,3,9,6,3,within,0.01470539015452216,0.011802697109895803,0.017223729388433737,6.0,1.0
yield:active,3,9,6,3,between_array,0.036677276351688624,0.012908522990195216,0.05356356689778132,3.0,6.220725707169524
yield:active,3,9,6,3,between_array_cleanpairs,0.05702277140454364,0.05702277140454364,0.05702277140454364,1.0,15.036388528562075
yield:active,3,9,6,3,between_subject,0.054817992415175446,0.015316945081519717,0.06766783740141732,3.0,13.896107015929788
yield:active,6,12,6,3,within,0.017350499283835776,0.009287174055318943,0.022873740331883594,6.0,1.0
yield:active,6,12,6,3,between_array,0.09708756484100796,0.0,0.14555222088993106,3.0,31.31145599849749
yield:active,6,12,6,3,between_array_cleanpairs,0.15495217178253246,0.15495217178253246,0.15495217178253246,1.0,79.75747231566191
yield:active,6,12,6,3,between_subject,0.10547706978070856,0.05425226245314764,0.12107596295228605,3.0,36.95661274982961
yield:active,9,15,6,3,within,0.024671272410415942,0.013022374893252182,0.03488445224751108,6.0,1.0
yield:active,9,15,6,3,between_array,0.17076436317696442,0.0,0.27477764333196,3.0,47.90836928489888
yield:active,9,15,6,3,between_array_cleanpairs,0.292523139332728,0.292523139332728,0.292523139332728,1.0,140.58447193542597
yield:active,9,15,6,3,between_subject,0.17517910050134183,0.05871265949271237,0.17809179393571292,3.0,50.41752087764449
yield:active,12,18,6,3,within,0.030579933483522483,0.006353475757768286,0.045175097738471705,6.0,1.0
yield:active,12,18,6,3,between_array,0.16957330426589703,0.0,0.2884653845042779,3.0,30.749771492300603
yield:active,12,18,6,3,between_array_cleanpairs,0.30709485255345403,0.30709485255345403,0.30709485255345403,1.0,100.8490940288475
yield:active,12,18,6,3,between_subject,0.2129966326055796,0.011829447961068813,0.21765039802091543,3.0,48.51459409091457
yield:active,15,21,6,3,within,0.02373445924935742,0.009751197757963287,0.033150298945855285,6.0,1.0
yield:active,15,21,6,3,between_array,0.10084226266415247,0.002992255989375705,0.1821747073771123,3.0,18.052048030662974
yield:active,15,21,6,3,between_array_cleanpairs,0.19677117338656575,0.19677117338656575,0.19677117338656575,1.0,68.73283664486517
yield:active,15,21,6,3,between_subject,0.21732631463444346,0.007717075176987243,0.22430413502670735,3.0,83.84283365835866
yield:active,18,24,6,3,within,0.030991226347198843,0.010981007160824683,0.04426882189226028,6.0,1.0
yield:active,18,24,6,3,between_array,0.030862085805222355,0.003237403960979447,0.03306491298926026,3.0,0.991683357347564
yield:active,18,24,6,3,between_array_cleanpairs,0.014189456070626744,0.014189456070626744,0.014189456070626744,1.0,0.20963025939283864
yield:active,18,24,6,3,between_subject,0.19871986585456605,0.011625781475408747,0.21947231091738967,3.0,41.11544989240876
yield:active,21,27,6,3,within,0.03496138113747885,0.015599222179194572,0.05274403851911524,6.0,1.0
yield:active,21,27,6,3,between_array,0.03566432187808991,0.01431633897783907,0.03737762955777188,3.0,1.0406166720692194
yield:active,21,27,6,3,between_array_cleanpairs,0.01974389133012957,,,1.0,0.31892483691132745
yield:active,21,27,6,3,between_subject,0.2730540121144176,0.21537939155111527,0.2730540121144176,3.0,60.99861334844197
yield:active,24,30,2,1,within,0.013135281412556578,0.00416285128661781,0.018088422534777583,2.0,1.0
yield:active,24,30,2,1,between_array,0.025158740020032284,0.025158740020032284,0.025158740020032284,1.0,3.6685885935551235
yield:active,24,30,2,1,between_array_cleanpairs,,,,0.0,
yield:active,24,30,2,1,between_subject,,,,0.0,
yield:active,27,33,3,2,within,0.03136213892087244,0.0026096090271831955,0.08813830938882879,3.0,1.0
yield:active,27,33,3,2,between_array,0.02170138888888887,0.02170138888888887,0.02170138888888887,1.0,0.4788105497104134
yield:active,27,33,3,2,between_array_cleanpairs,,,,0.0,
yield:active,27,33,3,2,between_subject,,,,0.0,
yield:active,30,36,3,2,within,0.035757759109877746,0.0,0.07311061776088702,3.0,1.0
yield:active,30,36,3,2,between_array,0.003682847818679961,,,1.0,0.010607839943767884
yield:active,30,36,3,2,between_array_cleanpairs,,,,0.0,
yield:active,30,36,3,2,between_subject,,,,0.0,
yield:active,33,39,2,1,within,0.013176156917368259,0.0,0.01839345232192937,2.0,1.0
yield:active,33,39,2,1,between_array,,,,1.0,
yield:active,33,39,2,1,between_array_cleanpairs,,,,0.0,
yield:active,33,39,2,1,between_subject,,,,0.0,
yield:active,51,57,2,1,within,0.0,0.0,0.0,2.0,
yield:active,51,57,2,1,between_array,,,,1.0,
yield:active,51,57,2,1,between_array_cleanpairs,,,,0.0,
yield:active,51,57,2,1,between_subject,,,,0.0,
yield:active,54,60,2,1,within,0.001476840487897972,0.0,0.0020872604496053136,2.0,1.0
yield:active,54,60,2,1,between_array,0.001041666666666663,0.001041666666666663,0.001041666666666663,1.0,0.49749687108883456
yield:active,54,60,2,1,between_array_cleanpairs,,,,0.0,
yield:active,54,60,2,1,between_subject,,,,0.0,
yield:active,57,63,2,1,within,0.0012048244552950156,0.0,0.0017031683950053374,2.0,1.0
yield:active,57,63,2,1,between_array,0.0008505172717997116,0.0008505172717997116,0.0008505172717997116,1.0,0.4983319432860451
yield:active,57,63,2,1,between_array_cleanpairs,,,,0.0,
yield:active,57,63,2,1,between_subject,,,,0.0,
yield:active,60,66,2,1,within,0.0,0.0,0.0,2.0,
yield:active,60,66,2,1,between_array,0.0,0.0,0.0,1.0,
yield:active,60,66,2,1,between_array_cleanpairs,,,,0.0,
yield:active,60,66,2,1,between_subject,,,,0.0,
yield:active,63,69,2,1,within,0.0,0.0,0.0,2.0,
yield:active,63,69,2,1,between_array,0.0,,,1.0,
yield:active,63,69,2,1,between_array_cleanpairs,,,,0.0,
yield:active,63,69,2,1,between_subject,,,,0.0,
yield:active,66,72,2,1,within,0.0,0.0,0.0,2.0,
yield:active,66,72,2,1,between_array,0.0,,,1.0,
yield:active,66,72,2,1,between_array_cleanpairs,,,,0.0,
yield:active,66,72,2,1,between_subject,,,,0.0,
